{"initial_reset_timestamp": 1520636760.0424802, "timestamps": [1520636769.7764869], "episode_lengths": [200], "episode_rewards": [-200.0], "episode_types": ["t"]}