{"initial_reset_timestamp": 1520617191.0502222, "timestamps": [1520617201.8803892], "episode_lengths": [200], "episode_rewards": [-200.0], "episode_types": ["t"]}