{"initial_reset_timestamp": 1520617227.471315, "timestamps": [1520617237.291162], "episode_lengths": [200], "episode_rewards": [-200.0], "episode_types": ["t"]}