{"initial_reset_timestamp": 1520641175.5215201, "timestamps": [1520641185.92515], "episode_lengths": [200], "episode_rewards": [-200.0], "episode_types": ["t"]}