{"initial_reset_timestamp": 1520635619.8746738, "timestamps": [1520635623.163674], "episode_lengths": [41], "episode_rewards": [41.0], "episode_types": ["t"]}