{"initial_reset_timestamp": 1520617595.889305, "timestamps": [1520617606.134889], "episode_lengths": [200], "episode_rewards": [-200.0], "episode_types": ["t"]}