{"initial_reset_timestamp": 1520635782.836431, "timestamps": [1520635792.575874], "episode_lengths": [200], "episode_rewards": [200.0], "episode_types": ["t"]}