{"initial_reset_timestamp": 1520636392.478074, "timestamps": [1520636395.084745], "episode_lengths": [13], "episode_rewards": [13.0], "episode_types": ["t"]}