{"initial_reset_timestamp": 1520617139.352698, "timestamps": [1520617147.246594], "episode_lengths": [137], "episode_rewards": [-137.0], "episode_types": ["t"]}