{"initial_reset_timestamp": 1520641052.412527, "timestamps": [1520641063.578363], "episode_lengths": [178], "episode_rewards": [-178.0], "episode_types": ["t"]}