{"initial_reset_timestamp": 1520636236.657393, "timestamps": [1520636240.852512], "episode_lengths": [49], "episode_rewards": [49.0], "episode_types": ["t"]}