{"initial_reset_timestamp": 1520636211.690615, "timestamps": [1520636222.7370398], "episode_lengths": [200], "episode_rewards": [200.0], "episode_types": ["t"]}