{"initial_reset_timestamp": 1520636438.246165, "timestamps": [1520636440.299798], "episode_lengths": [13], "episode_rewards": [13.0], "episode_types": ["t"]}