{"initial_reset_timestamp": 1520641121.520554, "timestamps": [1520641131.972115], "episode_lengths": [200], "episode_rewards": [-200.0], "episode_types": ["t"]}