{"initial_reset_timestamp": 1520637230.395862, "timestamps": [1520637240.649748], "episode_lengths": [142], "episode_rewards": [-142.0], "episode_types": ["t"]}