{"initial_reset_timestamp": 1520635595.856875, "timestamps": [1520635598.124994], "episode_lengths": [12], "episode_rewards": [12.0], "episode_types": ["t"]}