{"initial_reset_timestamp": 1520636420.846126, "timestamps": [1520636422.6602602], "episode_lengths": [11], "episode_rewards": [11.0], "episode_types": ["t"]}