{"initial_reset_timestamp": 1520635657.829993, "timestamps": [1520635667.6523259], "episode_lengths": [200], "episode_rewards": [200.0], "episode_types": ["t"]}