{"initial_reset_timestamp": 1520617554.451724, "timestamps": [1520617564.044539], "episode_lengths": [163], "episode_rewards": [-163.0], "episode_types": ["t"]}