{"initial_reset_timestamp": 1520636730.476043, "timestamps": [1520636741.3556921], "episode_lengths": [200], "episode_rewards": [-200.0], "episode_types": ["t"]}