{"initial_reset_timestamp": 1520617510.007693, "timestamps": [1520617517.195107], "episode_lengths": [121], "episode_rewards": [-121.0], "episode_types": ["t"]}