{"initial_reset_timestamp": 1520636257.081515, "timestamps": [1520636260.052626], "episode_lengths": [36], "episode_rewards": [36.0], "episode_types": ["t"]}