{"initial_reset_timestamp": 1520635809.7386692, "timestamps": [1520635819.398693], "episode_lengths": [200], "episode_rewards": [200.0], "episode_types": ["t"]}