{"initial_reset_timestamp": 1520635740.166954, "timestamps": [1520635749.903862], "episode_lengths": [200], "episode_rewards": [200.0], "episode_types": ["t"]}